{
  "Version": "2012-10-17",
  "Statement": [
    {
      "Effect": "Allow",
      "Action": "ec2:*",
      "Resource": "*"
    },
    {
      "Effect": "Allow",
      "Action": "elasticloadbalancing:*",
      "Resource": "*"
    },
    {
      "Effect": "Allow",
      "Action": "cloudwatch:*",
      "Resource": "*"
    },
    {
      "Effect": "Allow",
      "Action": "autoscaling:*",
      "Resource": "*"
    },
    {
      "Effect": "Allow",
      "Action": "iam:*",
      "Resource": "*"
    },
    {
      "Effect": "Allow",
      "Action": "s3:*",
      "Resource": "*"
    },
    {
      "Effect": "Allow",
      "Action": "dynamodb:*",
      "Resource": "*"
    },
    {
      "Effect": "Allow",
      "Action": "kms:*",
      "Resource": "*"
    },
    {
      "Effect": "Allow",
      "Action": "lambda:*",
      "Resource": "*"
    },
    {
      "Effect": "Allow",
      "Action": "application-autoscaling:*",
      "Resource": "*"
    },
    {
      "Effect": "Allow",
      "Action": "rds:*",
      "Resource": "*"
    },
    {
      "Effect": "Allow",
      "Action": "sns:*",
      "Resource": "*"
    },
    {
      "Effect": "Allow",
      "Action": "logs:*",
      "Resource": "*"
    },
    {
      "Effect": "Allow",
      "Action": "organizations:*",
      "Resource": "*"
    },
    {
      "Effect": "Allow",
      "Action": "account:*",
      "Resource": "*"
    },
    {
      "Effect": "Allow",
      "Action": "eks:*",
      "Resource": "*"
    }
  ]
}